rank,id,title,page
1,224517,Brass: Birmingham,boardgamegeek.com//boardgame/224517/brass-birmingham
2,174430,Gloomhaven,boardgamegeek.com//boardgame/174430/gloomhaven
3,161936,Pandemic Legacy: Season 1,boardgamegeek.com//boardgame/161936/pandemic-legacy-season-1
4,342942,Ark Nova,boardgamegeek.com//boardgame/342942/ark-nova
5,233078,Twilight Imperium: Fourth Edition,boardgamegeek.com//boardgame/233078/twilight-imperium-fourth-edition
6,167791,Terraforming Mars,boardgamegeek.com//boardgame/167791/terraforming-mars
7,291457,Gloomhaven: Jaws of the Lion,boardgamegeek.com//boardgame/291457/gloomhaven-jaws-lion
8,115746,War of the Ring: Second Edition,boardgamegeek.com//boardgame/115746/war-ring-second-edition
9,187645,Star Wars: Rebellion,boardgamegeek.com//boardgame/187645/star-wars-rebellion
10,316554,Dune: Imperium,boardgamegeek.com//boardgame/316554/dune-imperium
11,162886,Spirit Island,boardgamegeek.com//boardgame/162886/spirit-island
12,220308,Gaia Project,boardgamegeek.com//boardgame/220308/gaia-project
13,182028,Through the Ages: A New Story of Civilization,boardgamegeek.com//boardgame/182028/through-ages-new-story-civilization
14,12333,Twilight Struggle,boardgamegeek.com//boardgame/12333/twilight-struggle
15,193738,Great Western Trail,boardgamegeek.com//boardgame/193738/great-western-trail
16,169786,Scythe,boardgamegeek.com//boardgame/169786/scythe
17,84876,The Castles of Burgundy,boardgamegeek.com//boardgame/84876/castles-burgundy
18,173346,7 Wonders Duel,boardgamegeek.com//boardgame/173346/7-wonders-duel
19,167355,Nemesis,boardgamegeek.com//boardgame/167355/nemesis
20,28720,Brass: Lancashire,boardgamegeek.com//boardgame/28720/brass-lancashire
21,124361,Concordia,boardgamegeek.com//boardgame/124361/concordia
22,246900,Eclipse: Second Dawn for the Galaxy,boardgamegeek.com//boardgame/246900/eclipse-second-dawn-galaxy
23,177736,A Feast for Odin,boardgamegeek.com//boardgame/177736/feast-odin
24,266507,Clank!: Legacy – Acquisitions Incorporated,boardgamegeek.com//boardgame/266507/clank-legacy-acquisitions-incorporated
25,266192,Wingspan,boardgamegeek.com//boardgame/266192/wingspan
26,120677,Terra Mystica,boardgamegeek.com//boardgame/120677/terra-mystica
27,205637,Arkham Horror: The Card Game,boardgamegeek.com//boardgame/205637/arkham-horror-card-game
28,237182,Root,boardgamegeek.com//boardgame/237182/root
29,312484,Lost Ruins of Arnak,boardgamegeek.com//boardgame/312484/lost-ruins-arnak
30,164928,Orléans,boardgamegeek.com//boardgame/164928/orleans
31,199792,Everdell,boardgamegeek.com//boardgame/199792/everdell
32,96848,Mage Knight Board Game,boardgamegeek.com//boardgame/96848/mage-knight-board-game
33,183394,Viticulture Essential Edition,boardgamegeek.com//boardgame/183394/viticulture-essential-edition
34,251247,Barrage,boardgamegeek.com//boardgame/251247/barrage
35,341169,Great Western Trail (Second Edition),boardgamegeek.com//boardgame/341169/great-western-trail-second-edition
36,324856,The Crew: Mission Deep Sea,boardgamegeek.com//boardgame/324856/crew-mission-deep-sea
37,175914,Food Chain Magnate,boardgamegeek.com//boardgame/175914/food-chain-magnate
38,192135,Too Many Bones,boardgamegeek.com//boardgame/192135/too-many-bones
39,285774,Marvel Champions: The Card Game,boardgamegeek.com//boardgame/285774/marvel-champions-card-game
40,256960,Pax Pamir: Second Edition,boardgamegeek.com//boardgame/256960/pax-pamir-second-edition
41,3076,Puerto Rico,boardgamegeek.com//boardgame/3076/puerto-rico
42,247763,Underwater Cities,boardgamegeek.com//boardgame/247763/underwater-cities
43,102794,Caverna: The Cave Farmers,boardgamegeek.com//boardgame/102794/caverna-cave-farmers
44,170216,Blood Rage,boardgamegeek.com//boardgame/170216/blood-rage
45,31260,Agricola,boardgamegeek.com//boardgame/31260/agricola
46,185343,Anachrony,boardgamegeek.com//boardgame/185343/anachrony
47,295947,Cascadia,boardgamegeek.com//boardgame/295947/cascadia
48,184267,On Mars,boardgamegeek.com//boardgame/184267/mars
49,221107,Pandemic Legacy: Season 2,boardgamegeek.com//boardgame/221107/pandemic-legacy-season-2
50,205059,Mansions of Madness: Second Edition,boardgamegeek.com//boardgame/205059/mansions-madness-second-edition
51,276025,Maracaibo,boardgamegeek.com//boardgame/276025/maracaibo
52,314040,Pandemic Legacy: Season 0,boardgamegeek.com//boardgame/314040/pandemic-legacy-season-0
53,521,Crokinole,boardgamegeek.com//boardgame/521/crokinole
54,126163,Tzolk'in: The Mayan Calendar,boardgamegeek.com//boardgame/126163/tzolk-mayan-calendar
55,2651,Power Grid,boardgamegeek.com//boardgame/2651/power-grid
56,255984,Sleeping Gods,boardgamegeek.com//boardgame/255984/sleeping-gods
57,161533,Lisboa,boardgamegeek.com//boardgame/161533/lisboa
58,284378,Kanban EV,boardgamegeek.com//boardgame/284378/kanban-ev
59,284083,The Crew: The Quest for Planet Nine,boardgamegeek.com//boardgame/284083/crew-quest-planet-nine
60,216132,Clans of Caledonia,boardgamegeek.com//boardgame/216132/clans-caledonia
61,244521,The Quacks of Quedlinburg,boardgamegeek.com//boardgame/244521/quacks-quedlinburg
62,35677,Le Havre,boardgamegeek.com//boardgame/35677/le-havre
63,164153,Star Wars: Imperial Assault,boardgamegeek.com//boardgame/164153/star-wars-imperial-assault
64,209010,Mechs vs. Minions,boardgamegeek.com//boardgame/209010/mechs-vs-minions
65,266810,Paladins of the West Kingdom,boardgamegeek.com//boardgame/266810/paladins-west-kingdom
66,125153,The Gallerist,boardgamegeek.com//boardgame/125153/gallerist
67,55690,Kingdom Death: Monster,boardgamegeek.com//boardgame/55690/kingdom-death-monster
68,124742,Android: Netrunner,boardgamegeek.com//boardgame/124742/android-netrunner
69,182874,Grand Austria Hotel,boardgamegeek.com//boardgame/182874/grand-austria-hotel
70,230802,Azul,boardgamegeek.com//boardgame/230802/azul
71,72125,Eclipse,boardgamegeek.com//boardgame/72125/eclipse
72,28143,Race for the Galaxy,boardgamegeek.com//boardgame/28143/race-galaxy
73,191189,Aeon's End,boardgamegeek.com//boardgame/191189/aeons-end
74,201808,Clank!: A Deck-Building Adventure,boardgamegeek.com//boardgame/201808/clank-deck-building-adventure
75,253344,Cthulhu: Death May Die,boardgamegeek.com//boardgame/253344/cthulhu-death-may-die
76,157354,Five Tribes,boardgamegeek.com//boardgame/157354/five-tribes
77,200680,Agricola (Revised Edition),boardgamegeek.com//boardgame/200680/agricola-revised-edition
78,25613,Through the Ages: A Story of Civilization,boardgamegeek.com//boardgame/25613/through-ages-story-civilization
79,159675,Fields of Arle,boardgamegeek.com//boardgame/159675/fields-arle
80,229853,Teotihuacan: City of Gods,boardgamegeek.com//boardgame/229853/teotihuacan-city-gods
81,110327,Lords of Waterdeep,boardgamegeek.com//boardgame/110327/lords-waterdeep
82,121921,Robinson Crusoe: Adventures on the Cursed Island,boardgamegeek.com//boardgame/121921/robinson-crusoe-adventures-cursed-island
83,171623,The Voyages of Marco Polo,boardgamegeek.com//boardgame/171623/voyages-marco-polo
84,62219,Dominant Species,boardgamegeek.com//boardgame/62219/dominant-species
85,68448,7 Wonders,boardgamegeek.com//boardgame/68448/7-wonders
86,317985,Beyond the Sun,boardgamegeek.com//boardgame/317985/beyond-sun
87,180263,The 7th Continent,boardgamegeek.com//boardgame/180263/7th-continent
88,264220,Tainted Grail: The Fall of Avalon,boardgamegeek.com//boardgame/264220/tainted-grail-fall-avalon
89,231733,Obsession,boardgamegeek.com//boardgame/231733/obsession
90,236457,Architects of the West Kingdom,boardgamegeek.com//boardgame/236457/architects-west-kingdom
91,93,El Grande,boardgamegeek.com//boardgame/93/el-grande
92,37111,Battlestar Galactica: The Board Game,boardgamegeek.com//boardgame/37111/battlestar-galactica-board-game
93,279537,The Search for Planet X,boardgamegeek.com//boardgame/279537/search-planet-x
94,122515,Keyflower,boardgamegeek.com//boardgame/122515/keyflower
95,18602,Caylus,boardgamegeek.com//boardgame/18602/caylus
96,366013,Heat: Pedal to the Metal,boardgamegeek.com//boardgame/366013/heat-pedal-metal
97,225694,Decrypto,boardgamegeek.com//boardgame/225694/decrypto
98,172386,Mombasa,boardgamegeek.com//boardgame/172386/mombasa
99,170042,Raiders of the North Sea,boardgamegeek.com//boardgame/170042/raiders-north-sea
100,155821,Inis,boardgamegeek.com//boardgame/155821/inis
101,40834,Dominion: Intrigue,boardgamegeek.com//boardgame/40834/dominion-intrigue
102,73439,Troyes,boardgamegeek.com//boardgame/73439/troyes
103,269385,The Lord of the Rings: Journeys in Middle-Earth,boardgamegeek.com//boardgame/269385/lord-rings-journeys-middle-earth
104,42,Tigris & Euphrates,boardgamegeek.com//boardgame/42/tigris-euphrates
105,146021,Eldritch Horror,boardgamegeek.com//boardgame/146021/eldritch-horror
106,203993,Lorenzo il Magnifico,boardgamegeek.com//boardgame/203993/lorenzo-il-magnifico
107,12493,Twilight Imperium: Third Edition,boardgamegeek.com//boardgame/12493/twilight-imperium-third-edition
108,163068,Trickerion: Legends of Illusion,boardgamegeek.com//boardgame/163068/trickerion-legends-illusion
109,144733,Russian Railroads,boardgamegeek.com//boardgame/144733/russian-railroads
110,163412,Patchwork,boardgamegeek.com//boardgame/163412/patchwork
111,102680,Trajan,boardgamegeek.com//boardgame/102680/trajan
112,205896,Rising Sun,boardgamegeek.com//boardgame/205896/rising-sun
113,218417,Aeon's End: War Eternal,boardgamegeek.com//boardgame/218417/aeons-end-war-eternal
114,281259,The Isle of Cats,boardgamegeek.com//boardgame/281259/isle-cats
115,295770,Frosthaven,boardgamegeek.com//boardgame/295770/frosthaven
116,36218,Dominion,boardgamegeek.com//boardgame/36218/dominion
117,256916,Concordia Venus,boardgamegeek.com//boardgame/256916/concordia-venus
118,233371,Clank! In! Space!: A Deck-Building Adventure,boardgamegeek.com//boardgame/233371/clank-space-deck-building-adventure
119,175640,Vinhos: Deluxe Edition,boardgamegeek.com//boardgame/175640/vinhos-deluxe-edition
120,178900,Codenames,boardgamegeek.com//boardgame/178900/codenames
121,172287,Champions of Midgard,boardgamegeek.com//boardgame/172287/champions-midgard
122,198928,Pandemic: Iberia,boardgamegeek.com//boardgame/198928/pandemic-iberia
123,132531,Roll for the Galaxy,boardgamegeek.com//boardgame/132531/roll-galaxy
124,196340,Yokohama,boardgamegeek.com//boardgame/196340/yokohama
125,175155,Forbidden Stars,boardgamegeek.com//boardgame/175155/forbidden-stars
126,4098,Age of Steam,boardgamegeek.com//boardgame/4098/age-steam
127,43015,Hansa Teutonica,boardgamegeek.com//boardgame/43015/hansa-teutonica
128,266524,PARKS,boardgamegeek.com//boardgame/266524/parks
129,263918,Cartographers,boardgamegeek.com//boardgame/263918/cartographers
130,30549,Pandemic,boardgamegeek.com//boardgame/30549/pandemic
131,217372,The Quest for El Dorado,boardgamegeek.com//boardgame/217372/quest-el-dorado
132,262712,Res Arcana,boardgamegeek.com//boardgame/262712/res-arcana
133,274364,Watergate,boardgamegeek.com//boardgame/274364/watergate
134,127023,Kemet,boardgamegeek.com//boardgame/127023/kemet
135,2511,Sherlock Holmes Consulting Detective: The Thames Murders & Other Cases,boardgamegeek.com//boardgame/2511/sherlock-holmes-consulting-detective-thames-murder
136,118048,Targi,boardgamegeek.com//boardgame/118048/targi
137,310873,Carnegie,boardgamegeek.com//boardgame/310873/carnegie
138,271055,Dwellings of Eldervale,boardgamegeek.com//boardgame/271055/dwellings-eldervale
139,161970,Alchemists,boardgamegeek.com//boardgame/161970/alchemists
140,271324,It's a Wonderful World,boardgamegeek.com//boardgame/271324/its-wonderful-world
141,147020,Star Realms,boardgamegeek.com//boardgame/147020/star-realms
142,233398,Endeavor: Age of Sail,boardgamegeek.com//boardgame/233398/endeavor-age-sail
143,220877,Rajas of the Ganges,boardgamegeek.com//boardgame/220877/rajas-ganges
144,308765,Praga Caput Regni,boardgamegeek.com//boardgame/308765/praga-caput-regni
145,146652,Legendary Encounters: An Alien Deck Building Game,boardgamegeek.com//boardgame/146652/legendary-encounters-alien-deck-building-game
146,34635,Stone Age,boardgamegeek.com//boardgame/34635/stone-age
147,254640,Just One,boardgamegeek.com//boardgame/254640/just-one
148,14996,Ticket to Ride: Europe,boardgamegeek.com//boardgame/14996/ticket-ride-europe
149,103885,Star Wars: X-Wing Miniatures Game,boardgamegeek.com//boardgame/103885/star-wars-x-wing-miniatures-game
150,77423,The Lord of the Rings: The Card Game,boardgamegeek.com//boardgame/77423/lord-rings-card-game
151,233867,Welcome To...,boardgamegeek.com//boardgame/233867/welcome
152,148949,Istanbul,boardgamegeek.com//boardgame/148949/istanbul
153,328871,Terraforming Mars: Ares Expedition,boardgamegeek.com//boardgame/328871/terraforming-mars-ares-expedition
154,296151,Viscounts of the West Kingdom,boardgamegeek.com//boardgame/296151/viscounts-west-kingdom
155,82222,Xia: Legends of a Drift System,boardgamegeek.com//boardgame/82222/xia-legends-drift-system
156,283948,Marco Polo II: In the Service of the Khan,boardgamegeek.com//boardgame/283948/marco-polo-ii-service-khan
157,244522,That's Pretty Clever!,boardgamegeek.com//boardgame/244522/s-pretty-clever
158,265188,Glen More II: Chronicles,boardgamegeek.com//boardgame/265188/glen-more-ii-chronicles
159,463,Magic: The Gathering,boardgamegeek.com//boardgame/463/magic-gathering
160,189932,Tyrants of the Underdark,boardgamegeek.com//boardgame/189932/tyrants-underdark
161,43111,Chaos in the Old World,boardgamegeek.com//boardgame/43111/chaos-old-world
162,9609,War of the Ring,boardgamegeek.com//boardgame/9609/war-ring
163,268864,Undaunted: Normandy,boardgamegeek.com//boardgame/268864/undaunted-normandy
164,54043,Jaipur,boardgamegeek.com//boardgame/54043/jaipur
165,304783,Hadrian's Wall,boardgamegeek.com//boardgame/304783/hadrians-wall
166,104162,Descent: Journeys in the Dark (Second Edition),boardgamegeek.com//boardgame/104162/descent-journeys-dark-second-edition
167,287954,Azul: Summer Pavilion,boardgamegeek.com//boardgame/287954/azul-summer-pavilion
168,188920,This War of Mine: The Board Game,boardgamegeek.com//boardgame/188920/war-mine-board-game
169,249259,War Chest,boardgamegeek.com//boardgame/249259/war-chest
170,329082,Radlands,boardgamegeek.com//boardgame/329082/radlands
171,10630,Memoir '44,boardgamegeek.com//boardgame/10630/memoir-44
172,282524,Horrified,boardgamegeek.com//boardgame/282524/horrified
173,39463,Cosmic Encounter,boardgamegeek.com//boardgame/39463/cosmic-encounter
174,17133,Railways of the World,boardgamegeek.com//boardgame/17133/railways-world
175,209418,Dominion (Second Edition),boardgamegeek.com//boardgame/209418/dominion-second-edition
176,128882,The Resistance: Avalon,boardgamegeek.com//boardgame/128882/resistance-avalon
177,155426,Castles of Mad King Ludwig,boardgamegeek.com//boardgame/155426/castles-mad-king-ludwig
178,12,Ra,boardgamegeek.com//boardgame/12/ra
179,199561,Sagrada,boardgamegeek.com//boardgame/199561/sagrada
180,70149,Ora et Labora,boardgamegeek.com//boardgame/70149/ora-et-labora
181,294484,Unmatched: Cobble & Fog,boardgamegeek.com//boardgame/294484/unmatched-cobble-fog
182,103343,A Game of Thrones: The Board Game (Second Edition),boardgamegeek.com//boardgame/103343/game-thrones-board-game-second-edition
183,150376,Dead of Winter: A Crossroads Game,boardgamegeek.com//boardgame/150376/dead-winter-crossroads-game
184,31627,Ticket to Ride: Nordic Countries,boardgamegeek.com//boardgame/31627/ticket-ride-nordic-countries
185,25021,Sekigahara: The Unification of Japan,boardgamegeek.com//boardgame/25021/sekigahara-unification-japan
186,14105,Commands & Colors: Ancients,boardgamegeek.com//boardgame/14105/commands-colors-ancients
187,123260,Suburbia,boardgamegeek.com//boardgame/123260/suburbia
188,242302,Space Base,boardgamegeek.com//boardgame/242302/space-base
189,104006,Village,boardgamegeek.com//boardgame/104006/village
190,171131,Captain Sonar,boardgamegeek.com//boardgame/171131/captain-sonar
191,227224,The Red Cathedral,boardgamegeek.com//boardgame/227224/red-cathedral
192,221194,Dinosaur Island,boardgamegeek.com//boardgame/221194/dinosaur-island
193,188,Go,boardgamegeek.com//boardgame/188/go
194,283355,Dune,boardgamegeek.com//boardgame/283355/dune
195,148228,Splendor,boardgamegeek.com//boardgame/148228/splendor
196,283155,Calico,boardgamegeek.com//boardgame/283155/calico
197,21050,Combat Commander: Europe,boardgamegeek.com//boardgame/21050/combat-commander-europe
198,195421,Near and Far,boardgamegeek.com//boardgame/195421/near-and-far
199,182631,Star Realms: Colony Wars,boardgamegeek.com//boardgame/182631/star-realms-colony-wars
200,245638,Coimbra,boardgamegeek.com//boardgame/245638/coimbra
201,126042,Nations,boardgamegeek.com//boardgame/126042/nations
202,235802,Too Many Bones: Undertow,boardgamegeek.com//boardgame/235802/too-many-bones-undertow
203,291453,SCOUT,boardgamegeek.com//boardgame/291453/scout
204,215,Tichu,boardgamegeek.com//boardgame/215/tichu
205,300531,Paleo,boardgamegeek.com//boardgame/300531/paleo
206,271896,Star Wars: Outer Rim,boardgamegeek.com//boardgame/271896/star-wars-outer-rim
207,822,Carcassonne,boardgamegeek.com//boardgame/822/carcassonne
208,91,Paths of Glory,boardgamegeek.com//boardgame/91/paths-glory
209,306735,Under Falling Skies,boardgamegeek.com//boardgame/306735/under-falling-skies
210,293014,Nidavellir,boardgamegeek.com//boardgame/293014/nidavellir
211,118,Modern Art,boardgamegeek.com//boardgame/118/modern-art
212,9209,Ticket to Ride,boardgamegeek.com//boardgame/9209/ticket-ride
213,7854,YINSH,boardgamegeek.com//boardgame/7854/yinsh
214,224037,Codenames: Duet,boardgamegeek.com//boardgame/224037/codenames-duet
215,146886,La Granja,boardgamegeek.com//boardgame/146886/la-granja
216,54998,Cyclades,boardgamegeek.com//boardgame/54998/cyclades
217,285967,Ankh: Gods of Egypt,boardgamegeek.com//boardgame/285967/ankh-gods-egypt
218,314491,Meadow,boardgamegeek.com//boardgame/314491/meadow
219,318977,MicroMacro: Crime City,boardgamegeek.com//boardgame/318977/micromacro-crime-city
220,188834,Secret Hitler,boardgamegeek.com//boardgame/188834/secret-hitler
221,295486,My City,boardgamegeek.com//boardgame/295486/my-city
222,129437,Legendary: A Marvel Deck Building Game,boardgamegeek.com//boardgame/129437/legendary-marvel-deck-building-game
223,156129,Deception: Murder in Hong Kong,boardgamegeek.com//boardgame/156129/deception-murder-hong-kong
224,176189,Zombicide: Black Plague,boardgamegeek.com//boardgame/176189/zombicide-black-plague
225,232832,Century: Golem Edition,boardgamegeek.com//boardgame/232832/century-golem-edition
226,169426,Roll Player,boardgamegeek.com//boardgame/169426/roll-player
227,269207,The Taverns of Tiefenthal,boardgamegeek.com//boardgame/269207/taverns-tiefenthal
228,158600,Hanamikoji,boardgamegeek.com//boardgame/158600/hanamikoji
229,223321,Detective: A Modern Crime Board Game,boardgamegeek.com//boardgame/223321/detective-modern-crime-board-game
230,109276,Kanban: Driver's Edition,boardgamegeek.com//boardgame/109276/kanban-drivers-edition
231,310100,Nemesis: Lockdown,boardgamegeek.com//boardgame/310100/nemesis-lockdown
232,555,The Princes of Florence,boardgamegeek.com//boardgame/555/princes-florence
233,239188,Chronicles of Crime,boardgamegeek.com//boardgame/239188/chronicles-crime
234,192291,Sushi Go Party!,boardgamegeek.com//boardgame/192291/sushi-go-party
235,241451,Aeon's End: Legacy,boardgamegeek.com//boardgame/241451/aeons-end-legacy
236,9216,Goa: A New Expedition,boardgamegeek.com//boardgame/9216/goa-new-expedition
237,199478,Flamme Rouge,boardgamegeek.com//boardgame/199478/flamme-rouge
238,194655,Santorini,boardgamegeek.com//boardgame/194655/santorini
239,227935,Wonderland's War,boardgamegeek.com//boardgame/227935/wonderlands-war
240,274637,"Unmatched: Battle of Legends, Volume One",boardgamegeek.com//boardgame/274637/unmatched-battle-legends-volume-one
241,176494,Isle of Skye: From Chieftain to King,boardgamegeek.com//boardgame/176494/isle-skye-chieftain-king
242,19857,Glory to Rome,boardgamegeek.com//boardgame/19857/glory-rome
243,198994,Hero Realms,boardgamegeek.com//boardgame/198994/hero-realms
244,228341,Pulsar 2849,boardgamegeek.com//boardgame/228341/pulsar-2849
245,223040,Fantasy Realms,boardgamegeek.com//boardgame/223040/fantasy-realms
246,20551,Shogun,boardgamegeek.com//boardgame/20551/shogun
247,146508,T.I.M.E Stories,boardgamegeek.com//boardgame/146508/time-stories
248,421,1830: Railways & Robber Barons,boardgamegeek.com//boardgame/421/1830-railways-robber-barons
249,31481,Galaxy Trucker,boardgamegeek.com//boardgame/31481/galaxy-trucker
250,165722,KLASK,boardgamegeek.com//boardgame/165722/klask
251,27708,1960: The Making of the President,boardgamegeek.com//boardgame/27708/1960-making-president
252,3,Samurai,boardgamegeek.com//boardgame/3/samurai
253,128621,Viticulture,boardgamegeek.com//boardgame/128621/viticulture
254,339789,Welcome to the Moon,boardgamegeek.com//boardgame/339789/welcome-moon
255,27833,Steam,boardgamegeek.com//boardgame/27833/steam
256,300322,Hallertau,boardgamegeek.com//boardgame/300322/hallertau
257,140620,Lewis & Clark: The Expedition,boardgamegeek.com//boardgame/140620/lewis-clark-expedition
258,260605,Camel Up (Second Edition),boardgamegeek.com//boardgame/260605/camel-second-edition
259,232405,Western Legends,boardgamegeek.com//boardgame/232405/western-legends
260,286096,Tapestry,boardgamegeek.com//boardgame/286096/tapestry
261,127060,Bora Bora,boardgamegeek.com//boardgame/127060/bora-bora
262,155068,Arcadia Quest,boardgamegeek.com//boardgame/155068/arcadia-quest
263,204583,Kingdomino,boardgamegeek.com//boardgame/204583/kingdomino
264,144344,Rococo,boardgamegeek.com//boardgame/144344/rococo
265,224783,Vindication,boardgamegeek.com//boardgame/224783/vindication
266,92828,Dixit: Odyssey,boardgamegeek.com//boardgame/92828/dixit-odyssey
267,760,Battle Line,boardgamegeek.com//boardgame/760/battle-line
268,302723,Forgotten Waters,boardgamegeek.com//boardgame/302723/forgotten-waters
269,108745,Seasons,boardgamegeek.com//boardgame/108745/seasons
270,305096,Endless Winter: Paleoamericans,boardgamegeek.com//boardgame/305096/endless-winter-paleoamericans
271,24181,Imperial,boardgamegeek.com//boardgame/24181/imperial
272,206718,Ethnos,boardgamegeek.com//boardgame/206718/ethnos
273,251661,Oathsworn: Into the Deepwood,boardgamegeek.com//boardgame/251661/oathsworn-deepwood
274,176734,The Manhattan Project: Energy Empire,boardgamegeek.com//boardgame/176734/manhattan-project-energy-empire
275,155873,Power Grid Deluxe: Europe/North America,boardgamegeek.com//boardgame/155873/power-grid-deluxe-europenorth-america
276,246784,Cryptid,boardgamegeek.com//boardgame/246784/cryptid
277,2655,Hive,boardgamegeek.com//boardgame/2655/hive
278,97207,Dungeon Petz,boardgamegeek.com//boardgame/97207/dungeon-petz
279,66589,Navegador,boardgamegeek.com//boardgame/66589/navegador
280,364073,Splendor Duel,boardgamegeek.com//boardgame/364073/splendor-duel
281,22545,Age of Empires III: The Age of Discovery,boardgamegeek.com//boardgame/22545/age-empires-iii-age-discovery
282,19777,Indonesia,boardgamegeek.com//boardgame/19777/indonesia
283,160477,Onitama,boardgamegeek.com//boardgame/160477/onitama
284,311193,Anno 1800,boardgamegeek.com//boardgame/311193/anno-1800
285,38453,Space Alert,boardgamegeek.com//boardgame/38453/space-alert
286,181279,Fury of Dracula (Third/Fourth Edition),boardgamegeek.com//boardgame/181279/fury-dracula-thirdfourth-edition
287,139976,Cthulhu Wars,boardgamegeek.com//boardgame/139976/cthulhu-wars
288,316377,7 Wonders (Second Edition),boardgamegeek.com//boardgame/316377/7-wonders-second-edition
289,187617,Nemo's War (Second Edition),boardgamegeek.com//boardgame/187617/nemos-war-second-edition
290,154203,Imperial Settlers,boardgamegeek.com//boardgame/154203/imperial-settlers
291,46213,Telestrations,boardgamegeek.com//boardgame/46213/telestrations
292,244271,Dice Throne: Season Two – Battle Chest,boardgamegeek.com//boardgame/244271/dice-throne-season-two-battle-chest
293,277659,Final Girl,boardgamegeek.com//boardgame/277659/final-girl
294,230253,Star Realms: Frontiers,boardgamegeek.com//boardgame/230253/star-realms-frontiers
295,299659,Clash of Cultures: Monumental Edition,boardgamegeek.com//boardgame/299659/clash-cultures-monumental-edition
296,156546,Monikers,boardgamegeek.com//boardgame/156546/monikers
297,143693,Glass Road,boardgamegeek.com//boardgame/143693/glass-road
298,93260,Summoner Wars: Master Set,boardgamegeek.com//boardgame/93260/summoner-wars-master-set
299,298047,Marvel United,boardgamegeek.com//boardgame/298047/marvel-united
300,54138,Imperial 2030,boardgamegeek.com//boardgame/54138/imperial-2030
301,59294,Runewars,boardgamegeek.com//boardgame/59294/runewars
302,48726,Alien Frontiers,boardgamegeek.com//boardgame/48726/alien-frontiers
303,227789,Heaven & Ale,boardgamegeek.com//boardgame/227789/heaven-ale
304,209685,Century: Spice Road,boardgamegeek.com//boardgame/209685/century-spice-road
305,203420,Exit: The Game – The Abandoned Cabin,boardgamegeek.com//boardgame/203420/exit-game-abandoned-cabin
306,257499,Arkham Horror (Third Edition),boardgamegeek.com//boardgame/257499/arkham-horror-third-edition
307,13122,Antiquity,boardgamegeek.com//boardgame/13122/antiquity
308,54,Tikal,boardgamegeek.com//boardgame/54/tikal
309,136888,Bruges,boardgamegeek.com//boardgame/136888/bruges
310,163967,Tiny Epic Galaxies,boardgamegeek.com//boardgame/163967/tiny-epic-galaxies
311,2653,Survive: Escape from Atlantis!,boardgamegeek.com//boardgame/2653/survive-escape-atlantis
312,222509,Lords of Hellas,boardgamegeek.com//boardgame/222509/lords-hellas
313,193037,Dead of Winter: The Long Night,boardgamegeek.com//boardgame/193037/dead-winter-long-night
314,172081,Burgle Bros.,boardgamegeek.com//boardgame/172081/burgle-bros
315,129622,Love Letter,boardgamegeek.com//boardgame/129622/love-letter
316,245655,The King's Dilemma,boardgamegeek.com//boardgame/245655/kings-dilemma
317,291572,Oath: Chronicles of Empire and Exile,boardgamegeek.com//boardgame/291572/oath-chronicles-empire-and-exile
318,184921,Bunny Kingdom,boardgamegeek.com//boardgame/184921/bunny-kingdom
319,188866,Awkward Guests: The Walton Case,boardgamegeek.com//boardgame/188866/awkward-guests-walton-case
320,285192,Destinies,boardgamegeek.com//boardgame/285192/destinies
321,5,Acquire,boardgamegeek.com//boardgame/5/acquire
322,172818,Above and Below,boardgamegeek.com//boardgame/172818/above-and-below
323,270633,Aeon's End: The New Age,boardgamegeek.com//boardgame/270633/aeons-end-new-age
324,40692,Small World,boardgamegeek.com//boardgame/40692/small-world
325,140934,Arboretum,boardgamegeek.com//boardgame/140934/arboretum
326,172,For Sale,boardgamegeek.com//boardgame/172/sale
327,50,Lost Cities,boardgamegeek.com//boardgame/50/lost-cities
328,146439,BattleLore: Second Edition,boardgamegeek.com//boardgame/146439/battlelore-second-edition
329,45315,Dungeon Lords,boardgamegeek.com//boardgame/45315/dungeon-lords
330,304420,Bonfire,boardgamegeek.com//boardgame/304420/bonfire
331,77130,Sid Meier's Civilization: The Board Game,boardgamegeek.com//boardgame/77130/sid-meiers-civilization-board-game
332,25292,Merchants & Marauders,boardgamegeek.com//boardgame/25292/merchants-marauders
333,219513,Bärenpark,boardgamegeek.com//boardgame/219513/barenpark
334,297030,Tekhenu: Obelisk of the Sun,boardgamegeek.com//boardgame/297030/tekhenu-obelisk-sun
335,297562,Kemet: Blood and Sand,boardgamegeek.com//boardgame/297562/kemet-blood-and-sand
336,234277,Nusfjord,boardgamegeek.com//boardgame/234277/nusfjord
337,176920,Mission: Red Planet (Second Edition),boardgamegeek.com//boardgame/176920/mission-red-planet-second-edition
338,21241,Neuroshima Hex! 3.0,boardgamegeek.com//boardgame/21241/neuroshima-hex-30
339,59959,Letters from Whitechapel,boardgamegeek.com//boardgame/59959/letters-whitechapel
340,234,Hannibal: Rome vs. Carthage,boardgamegeek.com//boardgame/234/hannibal-rome-vs-carthage
341,111341,The Great Zimbabwe,boardgamegeek.com//boardgame/111341/great-zimbabwe
342,39856,Dixit,boardgamegeek.com//boardgame/39856/dixit
343,181304,Mysterium,boardgamegeek.com//boardgame/181304/mysterium
344,323612,Bitoku,boardgamegeek.com//boardgame/323612/bitoku
345,256680,Return to Dark Tower,boardgamegeek.com//boardgame/256680/return-dark-tower
346,199042,Harry Potter: Hogwarts Battle,boardgamegeek.com//boardgame/199042/harry-potter-hogwarts-battle
347,70919,Takenoko,boardgamegeek.com//boardgame/70919/takenoko
348,37046,Ghost Stories,boardgamegeek.com//boardgame/37046/ghost-stories
349,163745,Star Wars: Armada,boardgamegeek.com//boardgame/163745/star-wars-armada
350,47,Chinatown,boardgamegeek.com//boardgame/47/chinatown
351,119890,Agricola: All Creatures Big and Small,boardgamegeek.com//boardgame/119890/agricola-all-creatures-big-and-small
352,41114,The Resistance,boardgamegeek.com//boardgame/41114/resistance
353,101721,Mage Wars Arena,boardgamegeek.com//boardgame/101721/mage-wars-arena
354,192458,51st State: Master Set,boardgamegeek.com//boardgame/192458/51st-state-master-set
355,234487,Altiplano,boardgamegeek.com//boardgame/234487/altiplano
356,319966,The King Is Dead: Second Edition,boardgamegeek.com//boardgame/319966/king-dead-second-edition
357,63888,Innovation,boardgamegeek.com//boardgame/63888/innovation
358,128271,Ginkgopolis,boardgamegeek.com//boardgame/128271/ginkgopolis
359,246192,Gizmos,boardgamegeek.com//boardgame/246192/gizmos
360,8217,San Juan,boardgamegeek.com//boardgame/8217/san-juan
361,90137,Blood Bowl: Team Manager – The Card Game,boardgamegeek.com//boardgame/90137/blood-bowl-team-manager-card-game
362,350184,Earth,boardgamegeek.com//boardgame/350184/earth
363,25554,Notre Dame,boardgamegeek.com//boardgame/25554/notre-dame
364,39683,At the Gates of Loyang,boardgamegeek.com//boardgame/39683/gates-loyang
365,245934,Carpe Diem,boardgamegeek.com//boardgame/245934/carpe-diem
366,244711,Newton,boardgamegeek.com//boardgame/244711/newton
367,24480,The Pillars of the Earth,boardgamegeek.com//boardgame/24480/pillars-earth
368,250458,Gùgōng,boardgamegeek.com//boardgame/250458/gugng
369,155987,Abyss,boardgamegeek.com//boardgame/155987/abyss
370,258779,Planet Unknown,boardgamegeek.com//boardgame/258779/planet-unknown
371,318184,Imperium: Classics,boardgamegeek.com//boardgame/318184/imperium-classics
372,295374,Long Shot: The Dice Game,boardgamegeek.com//boardgame/295374/long-shot-dice-game
373,182134,Evolution: Climate,boardgamegeek.com//boardgame/182134/evolution-climate
374,1,Die Macher,boardgamegeek.com//boardgame/1/die-macher
375,150145,Skull King,boardgamegeek.com//boardgame/150145/skull-king
376,9217,Saint Petersburg,boardgamegeek.com//boardgame/9217/saint-petersburg
377,269210,Twice as Clever!,boardgamegeek.com//boardgame/269210/twice-clever
378,318084,Furnace,boardgamegeek.com//boardgame/318084/furnace
379,260428,Pandemic: Fall of Rome,boardgamegeek.com//boardgame/260428/pandemic-fall-rome
380,215311,Downforce,boardgamegeek.com//boardgame/215311/downforce
381,33160,Endeavor,boardgamegeek.com//boardgame/33160/endeavor
382,40354,Maria,boardgamegeek.com//boardgame/40354/maria
383,17392,Here I Stand,boardgamegeek.com//boardgame/17392/here-i-stand
384,195539,The Godfather: Corleone's Empire,boardgamegeek.com//boardgame/195539/godfather-corleones-empire
385,301880,Raiders of Scythia,boardgamegeek.com//boardgame/301880/raiders-scythia
386,70323,King of Tokyo,boardgamegeek.com//boardgame/70323/king-tokyo
387,31594,In the Year of the Dragon,boardgamegeek.com//boardgame/31594/year-dragon
388,21348,Ticket to Ride: Märklin,boardgamegeek.com//boardgame/21348/ticket-ride-marklin
389,265736,Tiny Towns,boardgamegeek.com//boardgame/265736/tiny-towns
390,144592,Bruxelles 1893,boardgamegeek.com//boardgame/144592/bruxelles-1893
391,256226,Azul: Stained Glass of Sintra,boardgamegeek.com//boardgame/256226/azul-stained-glass-sintra
392,236191,London (Second Edition),boardgamegeek.com//boardgame/236191/london-second-edition
393,366161,Wingspan Asia,boardgamegeek.com//boardgame/366161/wingspan-asia
394,277085,Love Letter,boardgamegeek.com//boardgame/277085/love-letter
395,372,Schotten Totten,boardgamegeek.com//boardgame/372/schotten-totten
396,284653,Mind MGMT: The Psychic Espionage “Game.”,boardgamegeek.com//boardgame/284653/mind-mgmt-psychic-espionage-game
397,166669,San Juan (Second Edition),boardgamegeek.com//boardgame/166669/san-juan-second-edition
398,71,Civilization,boardgamegeek.com//boardgame/71/civilization
399,262211,Cloudspire,boardgamegeek.com//boardgame/262211/cloudspire
400,15987,Arkham Horror,boardgamegeek.com//boardgame/15987/arkham-horror
401,194594,Dice Forge,boardgamegeek.com//boardgame/194594/dice-forge
402,202426,Sidereal Confluence,boardgamegeek.com//boardgame/202426/sidereal-confluence
403,204305,Sherlock Holmes Consulting Detective: Jack the Ripper & West End Adventures,boardgamegeek.com//boardgame/204305/sherlock-holmes-consulting-detective-jack-ripper-w
404,198773,Codenames: Pictures,boardgamegeek.com//boardgame/198773/codenames-pictures
405,170771,Sword & Sorcery,boardgamegeek.com//boardgame/170771/sword-sorcery
406,246684,Smartphone Inc.,boardgamegeek.com//boardgame/246684/smartphone-inc
407,40765,Clash of Cultures,boardgamegeek.com//boardgame/40765/clash-cultures
408,154809,Nippon,boardgamegeek.com//boardgame/154809/nippon
409,161614,Stockpile,boardgamegeek.com//boardgame/161614/stockpile
410,251658,Sprawlopolis,boardgamegeek.com//boardgame/251658/sprawlopolis
411,92415,Skull,boardgamegeek.com//boardgame/92415/skull
412,54625,Space Hulk (Third Edition),boardgamegeek.com//boardgame/54625/space-hulk-third-edition
413,186751,Mythic Battles: Pantheon,boardgamegeek.com//boardgame/186751/mythic-battles-pantheon
414,229220,Santa Maria,boardgamegeek.com//boardgame/229220/santa-maria
415,121,Dune,boardgamegeek.com//boardgame/121/dune
416,138161,Firefly: The Game,boardgamegeek.com//boardgame/138161/firefly-game
417,36932,Claustrophobia,boardgamegeek.com//boardgame/36932/claustrophobia
418,55670,Macao,boardgamegeek.com//boardgame/55670/macao
419,128671,Spartacus: A Game of Blood and Treachery,boardgamegeek.com//boardgame/128671/spartacus-game-blood-and-treachery
420,66188,Fresco,boardgamegeek.com//boardgame/66188/fresco
421,336986,Flamecraft,boardgamegeek.com//boardgame/336986/flamecraft
422,240980,Blood on the Clocktower,boardgamegeek.com//boardgame/240980/blood-clocktower
423,329839,So Clover!,boardgamegeek.com//boardgame/329839/so-clover
424,124708,Mice and Mystics,boardgamegeek.com//boardgame/124708/mice-and-mystics
425,243,Advanced Squad Leader,boardgamegeek.com//boardgame/243/advanced-squad-leader
426,63628,The Manhattan Project,boardgamegeek.com//boardgame/63628/manhattan-project
427,262543,Wavelength,boardgamegeek.com//boardgame/262543/wavelength
428,298069,Cubitos,boardgamegeek.com//boardgame/298069/cubitos
429,34219,Biblios,boardgamegeek.com//boardgame/34219/biblios
430,215341,Thunderstone Quest,boardgamegeek.com//boardgame/215341/thunderstone-quest
431,100901,Flash Point: Fire Rescue,boardgamegeek.com//boardgame/100901/flash-point-fire-rescue
432,260180,Project L,boardgamegeek.com//boardgame/260180/project-l
433,258210,Blitzkrieg!: World War Two in 20 Minutes,boardgamegeek.com//boardgame/258210/blitzkrieg-world-war-two-20-minutes
434,274638,Unmatched: Robin Hood vs. Bigfoot,boardgamegeek.com//boardgame/274638/unmatched-robin-hood-vs-bigfoot
435,151347,Millennium Blades,boardgamegeek.com//boardgame/151347/millennium-blades
436,27162,Kingsburg,boardgamegeek.com//boardgame/27162/kingsburg
437,270844,Imperial Settlers: Empires of the North,boardgamegeek.com//boardgame/270844/imperial-settlers-empires-north
438,171,Chess,boardgamegeek.com//boardgame/171/chess
439,293141,King of Tokyo: Dark Edition,boardgamegeek.com//boardgame/293141/king-tokyo-dark-edition
440,66362,Glen More,boardgamegeek.com//boardgame/66362/glen-more
441,96913,Lancaster,boardgamegeek.com//boardgame/96913/lancaster
442,11170,Heroscape Master Set: Rise of the Valkyrie,boardgamegeek.com//boardgame/11170/heroscape-master-set-rise-valkyrie
443,256730,Pipeline,boardgamegeek.com//boardgame/256730/pipeline
444,79828,A Few Acres of Snow,boardgamegeek.com//boardgame/79828/few-acres-snow
445,332800,Summoner Wars (Second Edition),boardgamegeek.com//boardgame/332800/summoner-wars-second-edition
446,176396,Quadropolis,boardgamegeek.com//boardgame/176396/quadropolis
447,192153,Pandemic: Reign of Cthulhu,boardgamegeek.com//boardgame/192153/pandemic-reign-cthulhu
448,18833,Lord of the Rings: The Confrontation,boardgamegeek.com//boardgame/18833/lord-rings-confrontation
449,274960,Point Salad,boardgamegeek.com//boardgame/274960/point-salad
450,150,PitchCar,boardgamegeek.com//boardgame/150/pitchcar
451,351913,Tiletum,boardgamegeek.com//boardgame/351913/tiletum
452,264241,Mandala,boardgamegeek.com//boardgame/264241/mandala
453,156858,Black Orchestra,boardgamegeek.com//boardgame/156858/black-orchestra
454,194607,Mystic Vale,boardgamegeek.com//boardgame/194607/mystic-vale
455,137408,Amerigo,boardgamegeek.com//boardgame/137408/amerigo
456,169427,Middara: Unintentional Malum – Act 1,boardgamegeek.com//boardgame/169427/middara-unintentional-malum-act-1
457,290236,Canvas,boardgamegeek.com//boardgame/290236/canvas
458,365717,Clank!: Catacombs,boardgamegeek.com//boardgame/365717/clank-catacombs
459,62222,Commands & Colors: Napoleonics,boardgamegeek.com//boardgame/62222/commands-colors-napoleonics
460,25417,BattleLore,boardgamegeek.com//boardgame/25417/battlelore
461,197376,Charterstone,boardgamegeek.com//boardgame/197376/charterstone
462,150658,Pandemic: The Cure,boardgamegeek.com//boardgame/150658/pandemic-cure
463,233312,Stuffed Fables,boardgamegeek.com//boardgame/233312/stuffed-fables
464,284742,Honey Buzz,boardgamegeek.com//boardgame/284742/honey-buzz
465,5404,Amun-Re,boardgamegeek.com//boardgame/5404/amun-re
466,15985,Blood Bowl: Living Rulebook,boardgamegeek.com//boardgame/15985/blood-bowl-living-rulebook
467,105134,Risk Legacy,boardgamegeek.com//boardgame/105134/risk-legacy
468,226522,Exit: The Game – Dead Man on the Orient Express,boardgamegeek.com//boardgame/226522/exit-game-dead-man-orient-express
469,158899,Colt Express,boardgamegeek.com//boardgame/158899/colt-express
470,157969,Sheriff of Nottingham,boardgamegeek.com//boardgame/157969/sheriff-nottingham
471,325494,ISS Vanguard,boardgamegeek.com//boardgame/325494/iss-vanguard
472,205398,Citadels,boardgamegeek.com//boardgame/205398/citadels
473,712,Blood Bowl (Third Edition),boardgamegeek.com//boardgame/712/blood-bowl-third-edition
474,269144,Hadara,boardgamegeek.com//boardgame/269144/hadara
475,343905,Boonlake,boardgamegeek.com//boardgame/343905/boonlake
476,162082,Deus,boardgamegeek.com//boardgame/162082/deus
477,136063,Forbidden Desert,boardgamegeek.com//boardgame/136063/forbidden-desert
478,478,Citadels,boardgamegeek.com//boardgame/478/citadels
479,20437,Lords of Vegas,boardgamegeek.com//boardgame/20437/lords-vegas
480,146791,Shadows of Brimstone: City of the Ancients,boardgamegeek.com//boardgame/146791/shadows-brimstone-city-ancients
481,17226,Descent: Journeys in the Dark,boardgamegeek.com//boardgame/17226/descent-journeys-dark
482,83330,Mansions of Madness,boardgamegeek.com//boardgame/83330/mansions-madness
483,15062,Shadows over Camelot,boardgamegeek.com//boardgame/15062/shadows-over-camelot
484,98778,Hanabi,boardgamegeek.com//boardgame/98778/hanabi
485,240196,Betrayal Legacy,boardgamegeek.com//boardgame/240196/betrayal-legacy
486,144189,Fire in the Lake,boardgamegeek.com//boardgame/144189/fire-lake
487,232414,Oceans,boardgamegeek.com//boardgame/232414/oceans
488,12942,No Thanks!,boardgamegeek.com//boardgame/12942/no-thanks
489,62227,"Labyrinth: The War on Terror, 2001 – ?",boardgamegeek.com//boardgame/62227/labyrinth-war-terror-2001
490,128996,1775: Rebellion,boardgamegeek.com//boardgame/128996/1775-rebellion
491,177639,Raptor,boardgamegeek.com//boardgame/177639/raptor
492,43570,Friday,boardgamegeek.com//boardgame/43570/friday
493,193042,Junk Art,boardgamegeek.com//boardgame/193042/junk-art
494,256952,Zombie Kidz Evolution,boardgamegeek.com//boardgame/256952/zombie-kidz-evolution
495,17405,1846: The Race for the Midwest,boardgamegeek.com//boardgame/17405/1846-race-midwest
496,13,CATAN,boardgamegeek.com//boardgame/13/catan
497,216600,Fantastic Factories,boardgamegeek.com//boardgame/216600/fantastic-factories
498,180974,Potion Explosion,boardgamegeek.com//boardgame/180974/potion-explosion
499,336382,Marvel United: X-Men,boardgamegeek.com//boardgame/336382/marvel-united-x-men
500,191862,Imhotep,boardgamegeek.com//boardgame/191862/imhotep
501,175095,Dawn of the Zeds (Third Edition),boardgamegeek.com//boardgame/175095/dawn-zeds-third-edition
502,119506,Freedom: The Underground Railroad,boardgamegeek.com//boardgame/119506/freedom-underground-railroad
503,11,Bohnanza,boardgamegeek.com//boardgame/11/bohnanza
504,262215,Blackout: Hong Kong,boardgamegeek.com//boardgame/262215/blackout-hong-kong
505,245654,Railroad Ink: Deep Blue Edition,boardgamegeek.com//boardgame/245654/railroad-ink-deep-blue-edition
506,97786,Small World Underground,boardgamegeek.com//boardgame/97786/small-world-underground
507,144797,Argent: The Consortium,boardgamegeek.com//boardgame/144797/argent-consortium
508,21790,Thurn and Taxis,boardgamegeek.com//boardgame/21790/thurn-and-taxis
509,247367,"Air, Land, & Sea",boardgamegeek.com//boardgame/247367/air-land-sea
510,206941,First Class: All Aboard the Orient Express!,boardgamegeek.com//boardgame/206941/first-class-all-aboard-orient-express
511,156009,Port Royal,boardgamegeek.com//boardgame/156009/port-royal
512,303057,Pan Am,boardgamegeek.com//boardgame/303057/pan-am
513,315767,Cartographers Heroes,boardgamegeek.com//boardgame/315767/cartographers-heroes
514,105551,Archipelago,boardgamegeek.com//boardgame/105551/archipelago
515,65781,London,boardgamegeek.com//boardgame/65781/london
516,322708,Descent: Legends of the Dark,boardgamegeek.com//boardgame/322708/descent-legends-dark
517,142379,Escape Plan,boardgamegeek.com//boardgame/142379/escape-plan
518,95527,Madeira,boardgamegeek.com//boardgame/95527/madeira
519,206480,Imperial Struggle,boardgamegeek.com//boardgame/206480/imperial-struggle
520,171668,The Grizzled,boardgamegeek.com//boardgame/171668/grizzled
521,9674,Ingenious,boardgamegeek.com//boardgame/9674/ingenious
522,31999,TZAAR,boardgamegeek.com//boardgame/31999/tzaar
523,221965,The Fox in the Forest,boardgamegeek.com//boardgame/221965/fox-forest
524,36553,Time's Up! Title Recall!,boardgamegeek.com//boardgame/36553/times-title-recall
525,127398,Legends of Andor,boardgamegeek.com//boardgame/127398/legends-andor
526,125618,Libertalia,boardgamegeek.com//boardgame/125618/libertalia
527,252328,Star Wars: X-Wing (Second Edition),boardgamegeek.com//boardgame/252328/star-wars-x-wing-second-edition
528,6249,Alhambra,boardgamegeek.com//boardgame/6249/alhambra
529,90419,Airlines Europe,boardgamegeek.com//boardgame/90419/airlines-europe
530,364011,Great Western Trail: Argentina,boardgamegeek.com//boardgame/364011/great-western-trail-argentina
531,239942,Black Rose Wars,boardgamegeek.com//boardgame/239942/black-rose-wars
532,123123,BattleCON: Devastation of Indines,boardgamegeek.com//boardgame/123123/battlecon-devastation-indines
533,18,RoboRally,boardgamegeek.com//boardgame/18/roborally
534,163968,Elysium,boardgamegeek.com//boardgame/163968/elysium
535,133848,Euphoria: Build a Better Dystopia,boardgamegeek.com//boardgame/133848/euphoria-build-better-dystopia
536,147949,One Night Ultimate Werewolf,boardgamegeek.com//boardgame/147949/one-night-ultimate-werewolf
537,875,Roads & Boats,boardgamegeek.com//boardgame/875/roads-boats
538,133473,Sushi Go!,boardgamegeek.com//boardgame/133473/sushi-go
539,31730,Wabash Cannonball,boardgamegeek.com//boardgame/31730/wabash-cannonball
540,91312,Discworld: Ankh-Morpork,boardgamegeek.com//boardgame/91312/discworld-ankh-morpork
541,102652,Sentinels of the Multiverse,boardgamegeek.com//boardgame/102652/sentinels-multiverse
542,220,High Society,boardgamegeek.com//boardgame/220/high-society
543,27173,Vikings,boardgamegeek.com//boardgame/27173/vikings
544,276182,Dead Reckoning,boardgamegeek.com//boardgame/276182/dead-reckoning
545,97842,Last Will,boardgamegeek.com//boardgame/97842/last-will
546,245961,Fleet: The Dice Game,boardgamegeek.com//boardgame/245961/fleet-dice-game
547,153938,Camel Up,boardgamegeek.com//boardgame/153938/camel
548,181530,Runebound (Third Edition),boardgamegeek.com//boardgame/181530/runebound-third-edition
549,58421,Egizia,boardgamegeek.com//boardgame/58421/egizia
550,284435,Nova Luna,boardgamegeek.com//boardgame/284435/nova-luna
551,232043,Queendomino,boardgamegeek.com//boardgame/232043/queendomino
552,196326,Love Letter: Premium Edition,boardgamegeek.com//boardgame/196326/love-letter-premium-edition
553,290359,Undaunted: North Africa,boardgamegeek.com//boardgame/290359/undaunted-north-africa
554,42052,Vinhos,boardgamegeek.com//boardgame/42052/vinhos
555,475,Taj Mahal,boardgamegeek.com//boardgame/475/taj-mahal
556,265402,In the Hall of the Mountain King,boardgamegeek.com//boardgame/265402/hall-mountain-king
557,183251,Karuba,boardgamegeek.com//boardgame/183251/karuba
558,34119,Tales of the Arabian Nights,boardgamegeek.com//boardgame/34119/tales-arabian-nights
559,84419,Space Empires 4X,boardgamegeek.com//boardgame/84419/space-empires-4x
560,128780,Pax Porfiriana,boardgamegeek.com//boardgame/128780/pax-porfiriana
561,170561,Valeria: Card Kingdoms,boardgamegeek.com//boardgame/170561/valeria-card-kingdoms
562,22827,StarCraft: The Board Game,boardgamegeek.com//boardgame/22827/starcraft-board-game
563,28023,Jamaica,boardgamegeek.com//boardgame/28023/jamaica
564,284189,Foundations of Rome,boardgamegeek.com//boardgame/284189/foundations-rome
565,133038,Pathfinder Adventure Card Game: Rise of the Runelords – Base Set,boardgamegeek.com//boardgame/133038/pathfinder-adventure-card-game-rise-runelords-base
566,151022,Baseball Highlights: 2045,boardgamegeek.com//boardgame/151022/baseball-highlights-2045
567,332772,Revive,boardgamegeek.com//boardgame/332772/revive
568,27746,Colosseum,boardgamegeek.com//boardgame/27746/colosseum
569,117959,Las Vegas,boardgamegeek.com//boardgame/117959/las-vegas
570,177478,IKI,boardgamegeek.com//boardgame/177478/iki
571,15363,Nexus Ops,boardgamegeek.com//boardgame/15363/nexus-ops
572,248490,Atlantis Rising (Second Edition),boardgamegeek.com//boardgame/248490/atlantis-rising-second-edition
573,503,Through the Desert,boardgamegeek.com//boardgame/503/through-desert
574,2346,DVONN,boardgamegeek.com//boardgame/2346/dvonn
575,192836,The Colonists,boardgamegeek.com//boardgame/192836/colonists
576,141572,Paperback,boardgamegeek.com//boardgame/141572/paperback
577,283393,Aquatica,boardgamegeek.com//boardgame/283393/aquatica
578,159508,AquaSphere,boardgamegeek.com//boardgame/159508/aquasphere
579,4390,Carcassonne: Hunters and Gatherers,boardgamegeek.com//boardgame/4390/carcassonne-hunters-and-gatherers
580,172308,Broom Service,boardgamegeek.com//boardgame/172308/broom-service
581,42215,Tobago,boardgamegeek.com//boardgame/42215/tobago
582,264055,Draftosaurus,boardgamegeek.com//boardgame/264055/draftosaurus
583,39351,Automobile,boardgamegeek.com//boardgame/39351/automobile
584,338834,MicroMacro: Crime City – Full House,boardgamegeek.com//boardgame/338834/micromacro-crime-city-full-house
585,155703,Evolution,boardgamegeek.com//boardgame/155703/evolution
586,216734,Dice Throne: Season One,boardgamegeek.com//boardgame/216734/dice-throne-season-one
587,9625,Struggle of Empires,boardgamegeek.com//boardgame/9625/struggle-empires
588,193949,Star Trek: Ascendancy,boardgamegeek.com//boardgame/193949/star-trek-ascendancy
589,130960,Triumph & Tragedy: European Balance of Power 1936-1945,boardgamegeek.com//boardgame/130960/triumph-tragedy-european-balance-power-1936-1945
590,205359,Star Wars: Destiny,boardgamegeek.com//boardgame/205359/star-wars-destiny
591,160010,Conan,boardgamegeek.com//boardgame/160010/conan
592,3685,Hammer of the Scots,boardgamegeek.com//boardgame/3685/hammer-scots
593,270673,Silver & Gold,boardgamegeek.com//boardgame/270673/silver-gold
594,292375,The Great Wall,boardgamegeek.com//boardgame/292375/great-wall
595,140603,Francis Drake,boardgamegeek.com//boardgame/140603/francis-drake
596,39938,Carson City,boardgamegeek.com//boardgame/39938/carson-city
597,131357,Coup,boardgamegeek.com//boardgame/131357/coup
598,318182,Imperium: Legends,boardgamegeek.com//boardgame/318182/imperium-legends
599,269511,Cooper Island,boardgamegeek.com//boardgame/269511/cooper-island
600,6472,A Game of Thrones,boardgamegeek.com//boardgame/6472/game-thrones
601,218603,Photosynthesis,boardgamegeek.com//boardgame/218603/photosynthesis
602,135219,The Battle of Five Armies,boardgamegeek.com//boardgame/135219/battle-five-armies
603,170624,Crusaders: Thy Will Be Done,boardgamegeek.com//boardgame/170624/crusaders-thy-will-be-done
604,42776,Gears of War: The Board Game,boardgamegeek.com//boardgame/42776/gears-war-board-game
605,212445,Blood Bowl (2016 Edition),boardgamegeek.com//boardgame/212445/blood-bowl-2016-edition
606,345584,Mindbug: First Contact,boardgamegeek.com//boardgame/345584/mindbug-first-contact
607,266830,QE,boardgamegeek.com//boardgame/266830/qe
608,266121,Unlock!: Heroic Adventures,boardgamegeek.com//boardgame/266121/unlock-heroic-adventures
609,143519,Quantum,boardgamegeek.com//boardgame/143519/quantum
610,113924,Zombicide,boardgamegeek.com//boardgame/113924/zombicide
611,280794,Etherfields,boardgamegeek.com//boardgame/280794/etherfields
612,356033,Libertalia: Winds of Galecrest,boardgamegeek.com//boardgame/356033/libertalia-winds-galecrest
613,30869,Thebes,boardgamegeek.com//boardgame/30869/thebes
614,169255,A Game of Thrones: The Card Game (Second Edition),boardgamegeek.com//boardgame/169255/game-thrones-card-game-second-edition
615,340466,Unfathomable,boardgamegeek.com//boardgame/340466/unfathomable
616,183562,Star Wars: X-Wing Miniatures Game – The Force Awakens Core Set,boardgamegeek.com//boardgame/183562/star-wars-x-wing-miniatures-game-force-awakens-cor
617,111799,Cuba Libre,boardgamegeek.com//boardgame/111799/cuba-libre
618,5782,Coloretto,boardgamegeek.com//boardgame/5782/coloretto
619,174785,Mare Nostrum: Empires,boardgamegeek.com//boardgame/174785/mare-nostrum-empires
620,432,6 nimmt!,boardgamegeek.com//boardgame/432/6-nimmt
621,10547,Betrayal at House on the Hill,boardgamegeek.com//boardgame/10547/betrayal-house-hill
622,37904,Formula D,boardgamegeek.com//boardgame/37904/formula-d
623,224710,Zombicide: Green Horde,boardgamegeek.com//boardgame/224710/zombicide-green-horde
624,198953,Pax Renaissance,boardgamegeek.com//boardgame/198953/pax-renaissance
625,699,HeroQuest,boardgamegeek.com//boardgame/699/heroquest
626,119432,Snowdonia,boardgamegeek.com//boardgame/119432/snowdonia
627,316412,The LOOP,boardgamegeek.com//boardgame/316412/loop
628,286751,Zombicide: 2nd Edition,boardgamegeek.com//boardgame/286751/zombicide-2nd-edition
629,46,Medici,boardgamegeek.com//boardgame/46/medici
630,24508,Taluva,boardgamegeek.com//boardgame/24508/taluva
631,1353,Time's Up!,boardgamegeek.com//boardgame/1353/times
632,163166,One Night Ultimate Werewolf: Daybreak,boardgamegeek.com//boardgame/163166/one-night-ultimate-werewolf-daybreak
633,190082,Whitehall Mystery,boardgamegeek.com//boardgame/190082/whitehall-mystery
634,328565,Caper: Europe,boardgamegeek.com//boardgame/328565/caper-europe
635,257501,KeyForge: Call of the Archons,boardgamegeek.com//boardgame/257501/keyforge-call-archons
636,209778,Magic Maze,boardgamegeek.com//boardgame/209778/magic-maze
637,1513,The Republic of Rome,boardgamegeek.com//boardgame/1513/republic-rome
638,121408,Trains,boardgamegeek.com//boardgame/121408/trains
639,13004,The Downfall of Pompeii,boardgamegeek.com//boardgame/13004/downfall-pompeii
640,325635,Unmatched: Little Red Riding Hood vs. Beowulf,boardgamegeek.com//boardgame/325635/unmatched-little-red-riding-hood-vs-beowulf
641,350316,Wayfarers of the South Tigris,boardgamegeek.com//boardgame/350316/wayfarers-south-tigris
642,180511,Shakespeare,boardgamegeek.com//boardgame/180511/shakespeare
643,244115,Shards of Infinity,boardgamegeek.com//boardgame/244115/shards-infinity
644,296912,Fort,boardgamegeek.com//boardgame/296912/fort
645,293296,Splendor: Marvel,boardgamegeek.com//boardgame/293296/splendor-marvel
646,345972,Cat in the Box: Deluxe Edition,boardgamegeek.com//boardgame/345972/cat-box-deluxe-edition
647,171499,Cacao,boardgamegeek.com//boardgame/171499/cacao
648,3201,Lord of the Rings: The Confrontation,boardgamegeek.com//boardgame/3201/lord-rings-confrontation
649,107529,Kingdom Builder,boardgamegeek.com//boardgame/107529/kingdom-builder
650,21763,Mr. Jack,boardgamegeek.com//boardgame/21763/mr-jack
651,50750,Belfort,boardgamegeek.com//boardgame/50750/belfort
652,258036,Between Two Castles of Mad King Ludwig,boardgamegeek.com//boardgame/258036/between-two-castles-mad-king-ludwig
653,58281,Summoner Wars,boardgamegeek.com//boardgame/58281/summoner-wars
654,332686,John Company: Second Edition,boardgamegeek.com//boardgame/332686/john-company-second-edition
655,100423,Elder Sign,boardgamegeek.com//boardgame/100423/elder-sign
656,73171,Earth Reborn,boardgamegeek.com//boardgame/73171/earth-reborn
657,552,Bus,boardgamegeek.com//boardgame/552/bus
658,271518,Disney Villainous: Wicked to the Core,boardgamegeek.com//boardgame/271518/disney-villainous-wicked-core
659,30380,Cuba,boardgamegeek.com//boardgame/30380/cuba
660,242705,Aeon Trespass: Odyssey,boardgamegeek.com//boardgame/242705/aeon-trespass-odyssey
661,121288,Dixit: Journey,boardgamegeek.com//boardgame/121288/dixit-journey
662,70512,Luna,boardgamegeek.com//boardgame/70512/luna
663,300300,Chronicles of Crime: 1400,boardgamegeek.com//boardgame/300300/chronicles-crime-1400
664,135779,A Fake Artist Goes to New York,boardgamegeek.com//boardgame/135779/fake-artist-goes-new-york
665,113294,Escape: The Curse of the Temple,boardgamegeek.com//boardgame/113294/escape-curse-temple
666,88,Torres,boardgamegeek.com//boardgame/88/torres
667,153016,Telestrations: 12 Player Party Pack,boardgamegeek.com//boardgame/153016/telestrations-12-player-party-pack
668,308119,Pax Renaissance: 2nd Edition,boardgamegeek.com//boardgame/308119/pax-renaissance-2nd-edition
669,355093,Woodcraft,boardgamegeek.com//boardgame/355093/woodcraft
670,203416,Exit: The Game – The Pharaoh's Tomb,boardgamegeek.com//boardgame/203416/exit-game-pharaohs-tomb
671,233247,Civilization: A New Dawn,boardgamegeek.com//boardgame/233247/civilization-new-dawn
672,134726,Smash Up: Awesome Level 9000,boardgamegeek.com//boardgame/134726/smash-awesome-level-9000
673,126792,Myrmes,boardgamegeek.com//boardgame/126792/myrmes
674,2398,Cribbage,boardgamegeek.com//boardgame/2398/cribbage
675,150997,Shadows of Brimstone: Swamps of Death,boardgamegeek.com//boardgame/150997/shadows-brimstone-swamps-death
676,318009,Dinosaur Island: Rawr 'n Write,boardgamegeek.com//boardgame/318009/dinosaur-island-rawr-n-write
677,193558,The Oracle of Delphi,boardgamegeek.com//boardgame/193558/oracle-delphi
678,213893,Yamataï,boardgamegeek.com//boardgame/213893/yamatai
679,132018,Churchill,boardgamegeek.com//boardgame/132018/churchill
680,123540,Tokaido,boardgamegeek.com//boardgame/123540/tokaido
681,242639,Treasure Island,boardgamegeek.com//boardgame/242639/treasure-island
682,2955,Mexica,boardgamegeek.com//boardgame/2955/mexica
683,284760,Disney Villainous: Evil Comes Prepared,boardgamegeek.com//boardgame/284760/disney-villainous-evil-comes-prepared
684,87890,Prêt-à-Porter,boardgamegeek.com//boardgame/87890/pret-porter
685,154825,Arkwright,boardgamegeek.com//boardgame/154825/arkwright
686,163839,Feudum,boardgamegeek.com//boardgame/163839/feudum
687,306040,Merv: The Heart of the Silk Road,boardgamegeek.com//boardgame/306040/merv-heart-silk-road
688,20963,Fury of Dracula (Second Edition),boardgamegeek.com//boardgame/20963/fury-dracula-second-edition
689,65532,Defenders of the Realm,boardgamegeek.com//boardgame/65532/defenders-realm
690,69789,Ascension: Deckbuilding Game,boardgamegeek.com//boardgame/69789/ascension-deckbuilding-game
691,244114,Yellow & Yangtze,boardgamegeek.com//boardgame/244114/yellow-yangtze
692,231581,AuZtralia,boardgamegeek.com//boardgame/231581/auztralia
693,165401,Wir sind das Volk!,boardgamegeek.com//boardgame/165401/wir-sind-das-volk
694,160495,ZhanGuo,boardgamegeek.com//boardgame/160495/zhanguo
695,307002,Regicide,boardgamegeek.com//boardgame/307002/regicide
696,146278,Tash-Kalar: Arena of Legends,boardgamegeek.com//boardgame/146278/tash-kalar-arena-legends
697,283864,Trails of Tucana,boardgamegeek.com//boardgame/283864/trails-tucana
698,336794,Galaxy Trucker (Second Edition),boardgamegeek.com//boardgame/336794/galaxy-trucker-second-edition
699,173064,Leaving Earth,boardgamegeek.com//boardgame/173064/leaving-earth
700,29603,D-Day at Omaha Beach,boardgamegeek.com//boardgame/29603/d-day-omaha-beach
701,283863,The Magnificent,boardgamegeek.com//boardgame/283863/magnificent
702,155624,Specter Ops,boardgamegeek.com//boardgame/155624/specter-ops
703,304051,Creature Comforts,boardgamegeek.com//boardgame/304051/creature-comforts
704,270970,Century: A New World,boardgamegeek.com//boardgame/270970/century-new-world
705,116998,Thunderstone Advance: Towers of Ruin,boardgamegeek.com//boardgame/116998/thunderstone-advance-towers-ruin
706,168584,Love Letter: Batman,boardgamegeek.com//boardgame/168584/love-letter-batman
707,156336,Onirim (Second Edition),boardgamegeek.com//boardgame/156336/onirim-second-edition
708,226320,My Little Scythe,boardgamegeek.com//boardgame/226320/my-little-scythe
709,7717,Carcassonne: The Castle,boardgamegeek.com//boardgame/7717/carcassonne-castle
710,162007,Steampunk Rally,boardgamegeek.com//boardgame/162007/steampunk-rally
711,167400,Ashes Reborn: Rise of the Phoenixborn,boardgamegeek.com//boardgame/167400/ashes-reborn-rise-phoenixborn
712,181521,Warhammer Quest: The Adventure Card Game,boardgamegeek.com//boardgame/181521/warhammer-quest-adventure-card-game
713,71721,Space Hulk: Death Angel – The Card Game,boardgamegeek.com//boardgame/71721/space-hulk-death-angel-card-game
714,232219,Dragon Castle,boardgamegeek.com//boardgame/232219/dragon-castle
715,218074,Detective: City of Angels,boardgamegeek.com//boardgame/218074/detective-city-angels
716,214880,City of the Big Shoulders,boardgamegeek.com//boardgame/214880/city-big-shoulders
717,143741,BANG! The Dice Game,boardgamegeek.com//boardgame/143741/bang-dice-game
718,357563,Akropolis,boardgamegeek.com//boardgame/357563/akropolis
719,72321,The Networks,boardgamegeek.com//boardgame/72321/networks
720,281442,Trismegistus: The Ultimate Formula,boardgamegeek.com//boardgame/281442/trismegistus-ultimate-formula
721,183840,Oh My Goods!,boardgamegeek.com//boardgame/183840/oh-my-goods
722,73761,K2,boardgamegeek.com//boardgame/73761/k2
723,15364,Vegas Showdown,boardgamegeek.com//boardgame/15364/vegas-showdown
724,256999,Project: ELITE,boardgamegeek.com//boardgame/256999/project-elite
725,301255,Whistle Mountain,boardgamegeek.com//boardgame/301255/whistle-mountain
726,9823,Advanced Squad Leader: Starter Kit #1,boardgamegeek.com//boardgame/9823/advanced-squad-leader-starter-kit-1
727,298383,Golem,boardgamegeek.com//boardgame/298383/golem
728,242574,Century: Eastern Wonders,boardgamegeek.com//boardgame/242574/century-eastern-wonders
729,3307,Wallenstein,boardgamegeek.com//boardgame/3307/wallenstein
730,350933,The Guild of Merchant Explorers,boardgamegeek.com//boardgame/350933/guild-merchant-explorers
731,204472,Sub Terra,boardgamegeek.com//boardgame/204472/sub-terra
732,249381,The Estates,boardgamegeek.com//boardgame/249381/estates
733,241724,Villagers,boardgamegeek.com//boardgame/241724/villagers
734,22345,Yspahan,boardgamegeek.com//boardgame/22345/yspahan
735,256382,Disney Villainous,boardgamegeek.com//boardgame/256382/disney-villainous
736,483,Diplomacy,boardgamegeek.com//boardgame/483/diplomacy
737,55600,Shipyard,boardgamegeek.com//boardgame/55600/shipyard
738,20100,Wits & Wagers,boardgamegeek.com//boardgame/20100/wits-wagers
739,168435,Between Two Cities,boardgamegeek.com//boardgame/168435/between-two-cities
740,31563,Middle-Earth Quest,boardgamegeek.com//boardgame/31563/middle-earth-quest
741,143515,Coal Baron,boardgamegeek.com//boardgame/143515/coal-baron
742,273330,Bloodborne: The Board Game,boardgamegeek.com//boardgame/273330/bloodborne-board-game
743,68425,Eminent Domain,boardgamegeek.com//boardgame/68425/eminent-domain
744,255692,New Frontiers,boardgamegeek.com//boardgame/255692/new-frontiers
745,279613,Unlock!: Timeless Adventures,boardgamegeek.com//boardgame/279613/unlock-timeless-adventures
746,214887,CO₂: Second Chance,boardgamegeek.com//boardgame/214887/co-second-chance
747,280480,Crystal Palace,boardgamegeek.com//boardgame/280480/crystal-palace
748,173442,Empires: Age of Discovery,boardgamegeek.com//boardgame/173442/empires-age-discovery
749,356123,Turing Machine,boardgamegeek.com//boardgame/356123/turing-machine
750,244228,Reef,boardgamegeek.com//boardgame/244228/reef
751,180593,The Bloody Inn,boardgamegeek.com//boardgame/180593/bloody-inn
752,21882,Blue Moon City,boardgamegeek.com//boardgame/21882/blue-moon-city
753,300877,New York Zoo,boardgamegeek.com//boardgame/300877/new-york-zoo
754,201825,Ex Libris,boardgamegeek.com//boardgame/201825/ex-libris
755,346965,Azul: Queen's Garden,boardgamegeek.com//boardgame/346965/azul-queens-garden
756,202670,Ticket to Ride: Rails & Sails,boardgamegeek.com//boardgame/202670/ticket-ride-rails-sails
757,11825,Empire of the Sun,boardgamegeek.com//boardgame/11825/empire-sun
758,220520,Caverna: Cave vs Cave,boardgamegeek.com//boardgame/220520/caverna-cave-vs-cave
759,192457,Cry Havoc,boardgamegeek.com//boardgame/192457/cry-havoc
760,200147,Kanagawa,boardgamegeek.com//boardgame/200147/kanagawa
761,218333,Rhino Hero: Super Battle,boardgamegeek.com//boardgame/218333/rhino-hero-super-battle
762,220517,The Shipwreck Arcana,boardgamegeek.com//boardgame/220517/shipwreck-arcana
763,296237,Warp's Edge,boardgamegeek.com//boardgame/296237/warps-edge
764,47185,Warhammer: Invasion,boardgamegeek.com//boardgame/47185/warhammer-invasion
765,328866,My Father's Work,boardgamegeek.com//boardgame/328866/my-fathers-work
766,43528,World Without End,boardgamegeek.com//boardgame/43528/world-without-end
767,2163,Space Hulk,boardgamegeek.com//boardgame/2163/space-hulk
768,156943,Saint Petersburg (Second Edition),boardgamegeek.com//boardgame/156943/saint-petersburg-second-edition
769,374173,Star Wars: The Deckbuilding Game,boardgamegeek.com//boardgame/374173/star-wars-deckbuilding-game
770,162286,Super Motherload,boardgamegeek.com//boardgame/162286/super-motherload
771,169654,Deep Sea Adventure,boardgamegeek.com//boardgame/169654/deep-sea-adventure
772,158435,Dogs of War,boardgamegeek.com//boardgame/158435/dogs-war
773,179803,Arcadia Quest: Inferno,boardgamegeek.com//boardgame/179803/arcadia-quest-inferno
774,586,Up Front,boardgamegeek.com//boardgame/586/front
775,2453,Blokus,boardgamegeek.com//boardgame/2453/blokus
776,36235,The Duke,boardgamegeek.com//boardgame/36235/duke
777,41,Can't Stop,boardgamegeek.com//boardgame/41/cant-stop
778,322289,Darwin's Journey,boardgamegeek.com//boardgame/322289/darwins-journey
779,170416,Vast: The Crystal Caverns,boardgamegeek.com//boardgame/170416/vast-crystal-caverns
780,204516,878 Vikings: Invasions of England,boardgamegeek.com//boardgame/204516/878-vikings-invasions-england
781,40628,Finca,boardgamegeek.com//boardgame/40628/finca
782,230244,Black Angel,boardgamegeek.com//boardgame/230244/black-angel
783,244608,Menara,boardgamegeek.com//boardgame/244608/menara
784,256570,Crown of Emara,boardgamegeek.com//boardgame/256570/crown-emara
785,137988,Zombicide Season 2: Prison Outbreak,boardgamegeek.com//boardgame/137988/zombicide-season-2-prison-outbreak
786,203417,Exit: The Game – The Secret Lab,boardgamegeek.com//boardgame/203417/exit-game-secret-lab
787,251678,Railroad Ink: Blazing Red Edition,boardgamegeek.com//boardgame/251678/railroad-ink-blazing-red-edition
788,326494,The Adventures of Robin Hood,boardgamegeek.com//boardgame/326494/adventures-robin-hood
789,284777,Unmatched: Jurassic Park – InGen vs Raptors,boardgamegeek.com//boardgame/284777/unmatched-jurassic-park-ingen-vs-raptors
790,45,Perudo,boardgamegeek.com//boardgame/45/perudo
791,171273,FUSE,boardgamegeek.com//boardgame/171273/fuse
792,160499,King of New York,boardgamegeek.com//boardgame/160499/king-new-york
793,131287,Panamax,boardgamegeek.com//boardgame/131287/panamax
794,51,Ricochet Robots,boardgamegeek.com//boardgame/51/ricochet-robots
795,349067,The Lord of the Rings: The Card Game – Revised Core Set,boardgamegeek.com//boardgame/349067/lord-rings-card-game-revised-core-set
796,198830,"Heroes of Land, Air & Sea",boardgamegeek.com//boardgame/198830/heroes-land-air-sea
797,328479,Living Forest,boardgamegeek.com//boardgame/328479/living-forest
798,91872,Dungeons & Dragons: The Legend of Drizzt Board Game,boardgamegeek.com//boardgame/91872/dungeons-dragons-legend-drizzt-board-game
799,26997,1989: Dawn of Freedom,boardgamegeek.com//boardgame/26997/1989-dawn-freedom
800,218121,Dice Hospital,boardgamegeek.com//boardgame/218121/dice-hospital
801,110277,Among the Stars,boardgamegeek.com//boardgame/110277/among-stars
802,311988,Frostpunk: The Board Game,boardgamegeek.com//boardgame/311988/frostpunk-board-game
803,252153,Tang Garden,boardgamegeek.com//boardgame/252153/tang-garden
804,161417,Red7,boardgamegeek.com//boardgame/161417/red7
805,306881,Railroad Ink Challenge: Lush Green Edition,boardgamegeek.com//boardgame/306881/railroad-ink-challenge-lush-green-edition
806,276498,Paris: La Cité de la Lumière,boardgamegeek.com//boardgame/276498/paris-la-cite-de-la-lumiere
807,12002,Jambo,boardgamegeek.com//boardgame/12002/jambo
808,217780,Gentes,boardgamegeek.com//boardgame/217780/gentes
809,1035,Squad Leader,boardgamegeek.com//boardgame/1035/squad-leader
810,181687,The Pursuit of Happiness,boardgamegeek.com//boardgame/181687/pursuit-happiness
811,307305,Bullet♥︎,boardgamegeek.com//boardgame/307305/bullet
812,179172,Unfair,boardgamegeek.com//boardgame/179172/unfair
813,156566,Lords of Xidit,boardgamegeek.com//boardgame/156566/lords-xidit
814,194879,Not Alone,boardgamegeek.com//boardgame/194879/not-alone
815,197443,Fugitive,boardgamegeek.com//boardgame/197443/fugitive
816,30957,Tribune: Primus Inter Pares,boardgamegeek.com//boardgame/30957/tribune-primus-inter-pares
817,237179,Weather Machine,boardgamegeek.com//boardgame/237179/weather-machine
818,191051,Outlive,boardgamegeek.com//boardgame/191051/outlive
819,218479,Cerebria: The Inside World,boardgamegeek.com//boardgame/218479/cerebria-inside-world
820,79127,Star Trek: Fleet Captains,boardgamegeek.com//boardgame/79127/star-trek-fleet-captains
821,337765,Brian Boru: High King of Ireland,boardgamegeek.com//boardgame/337765/brian-boru-high-king-ireland
822,117915,Yedo,boardgamegeek.com//boardgame/117915/yedo
823,15512,Incan Gold,boardgamegeek.com//boardgame/15512/incan-gold
824,30645,Tammany Hall,boardgamegeek.com//boardgame/30645/tammany-hall
825,179275,One Deck Dungeon,boardgamegeek.com//boardgame/179275/one-deck-dungeon
826,41002,Vasco da Gama,boardgamegeek.com//boardgame/41002/vasco-da-gama
827,38996,Washington's War,boardgamegeek.com//boardgame/38996/washingtons-war
828,346703,7 Wonders: Architects,boardgamegeek.com//boardgame/346703/7-wonders-architects
829,163602,XCOM: The Board Game,boardgamegeek.com//boardgame/163602/xcom-board-game
830,175117,Celestia,boardgamegeek.com//boardgame/175117/celestia
831,177590,"13 Days: The Cuban Missile Crisis, 1962",boardgamegeek.com//boardgame/177590/13-days-cuban-missile-crisis-1962
832,145659,Scoville,boardgamegeek.com//boardgame/145659/scoville
833,228328,Rurik: Dawn of Kiev,boardgamegeek.com//boardgame/228328/rurik-dawn-kiev
834,238799,Messina 1347,boardgamegeek.com//boardgame/238799/messina-1347
835,12962,Reef Encounter,boardgamegeek.com//boardgame/12962/reef-encounter
836,1465,Wizard,boardgamegeek.com//boardgame/1465/wizard
837,28181,Combat Commander: Pacific,boardgamegeek.com//boardgame/28181/combat-commander-pacific
838,176165,Dale of Merchants,boardgamegeek.com//boardgame/176165/dale-merchants
839,234671,Pandemic: Rising Tide,boardgamegeek.com//boardgame/234671/pandemic-rising-tide
840,103886,Star Wars: The Card Game,boardgamegeek.com//boardgame/103886/star-wars-card-game
841,16747,Tumblin' Dice,boardgamegeek.com//boardgame/16747/tumblin-dice
842,12891,Friedrich,boardgamegeek.com//boardgame/12891/friedrich
843,528,ZÈRTZ,boardgamegeek.com//boardgame/528/zertz
844,299047,Disney Villainous: Perfectly Wretched,boardgamegeek.com//boardgame/299047/disney-villainous-perfectly-wretched
845,24800,Conflict of Heroes: Awakening the Bear! – Russia 1941-42,boardgamegeek.com//boardgame/24800/conflict-heroes-awakening-bear-russia-1941-42
846,244331,Blue Lagoon,boardgamegeek.com//boardgame/244331/blue-lagoon
847,227460,Hannibal & Hamilcar,boardgamegeek.com//boardgame/227460/hannibal-hamilcar
848,262941,Dominant Species: Marine,boardgamegeek.com//boardgame/262941/dominant-species-marine
849,275467,Letter Jam,boardgamegeek.com//boardgame/275467/letter-jam
850,18098,Napoleon's Triumph,boardgamegeek.com//boardgame/18098/napoleons-triumph
851,214029,SpaceCorp: 2025-2300AD,boardgamegeek.com//boardgame/214029/spacecorp-2025-2300ad
852,122298,Morels,boardgamegeek.com//boardgame/122298/morels
853,8125,Santiago,boardgamegeek.com//boardgame/8125/santiago
854,158889,Summoner Wars: Alliances Master Set,boardgamegeek.com//boardgame/158889/summoner-wars-alliances-master-set
855,266164,Babylonia,boardgamegeek.com//boardgame/266164/babylonia
856,254386,Raccoon Tycoon,boardgamegeek.com//boardgame/254386/raccoon-tycoon
857,137269,Spyrium,boardgamegeek.com//boardgame/137269/spyrium
858,234477,Battle for Rokugan,boardgamegeek.com//boardgame/234477/battle-rokugan
859,119788,Hyperborea,boardgamegeek.com//boardgame/119788/hyperborea
860,12902,Carcassonne: The City,boardgamegeek.com//boardgame/12902/carcassonne-city
861,361545,Twilight Inscription,boardgamegeek.com//boardgame/361545/twilight-inscription
862,166384,Spyfall,boardgamegeek.com//boardgame/166384/spyfall
863,148729,Maquis,boardgamegeek.com//boardgame/148729/maquis
864,65244,Forbidden Island,boardgamegeek.com//boardgame/65244/forbidden-island
865,277700,Merchants Cove,boardgamegeek.com//boardgame/277700/merchants-cove
866,148575,Marvel Dice Masters: Avengers vs. X-Men,boardgamegeek.com//boardgame/148575/marvel-dice-masters-avengers-vs-x-men
867,285984,Last Bastion,boardgamegeek.com//boardgame/285984/last-bastion
868,94,Union Pacific,boardgamegeek.com//boardgame/94/union-pacific
869,216459,The Lost Expedition,boardgamegeek.com//boardgame/216459/lost-expedition
870,91514,Rhino Hero,boardgamegeek.com//boardgame/91514/rhino-hero
871,113997,Tajemnicze Domostwo,boardgamegeek.com//boardgame/113997/tajemnicze-domostwo
872,253499,A War of Whispers,boardgamegeek.com//boardgame/253499/war-whispers
873,56692,Parade,boardgamegeek.com//boardgame/56692/parade
874,256788,Detective Club,boardgamegeek.com//boardgame/256788/detective-club
875,348450,Lacrimosa,boardgamegeek.com//boardgame/348450/lacrimosa
876,244992,The Mind,boardgamegeek.com//boardgame/244992/mind
877,26990,Container,boardgamegeek.com//boardgame/26990/container
878,53953,Thunderstone,boardgamegeek.com//boardgame/53953/thunderstone
879,129948,The Palaces of Carrara,boardgamegeek.com//boardgame/129948/palaces-carrara
880,155362,Ca$h 'n Guns: Second Edition,boardgamegeek.com//boardgame/155362/cah-n-guns-second-edition
881,35570,Tinners' Trail,boardgamegeek.com//boardgame/35570/tinners-trail
882,1041,San Marco,boardgamegeek.com//boardgame/1041/san-marco
883,37380,Roll Through the Ages: The Bronze Age,boardgamegeek.com//boardgame/37380/roll-through-ages-bronze-age
884,131260,Qwixx,boardgamegeek.com//boardgame/131260/qwixx
885,195137,Catacombs (Third Edition),boardgamegeek.com//boardgame/195137/catacombs-third-edition
886,219215,Werewords,boardgamegeek.com//boardgame/219215/werewords
887,139898,Brew Crafters,boardgamegeek.com//boardgame/139898/brew-crafters
888,264052,Circadians: First Light,boardgamegeek.com//boardgame/264052/circadians-first-light
889,29368,Last Night on Earth: The Zombie Game,boardgamegeek.com//boardgame/29368/last-night-earth-zombie-game
890,177678,Signorie,boardgamegeek.com//boardgame/177678/signorie
891,299684,Khôra: Rise of an Empire,boardgamegeek.com//boardgame/299684/khora-rise-empire
892,272739,Clinic: Deluxe Edition,boardgamegeek.com//boardgame/272739/clinic-deluxe-edition
893,154458,Akrotiri,boardgamegeek.com//boardgame/154458/akrotiri
894,329465,Red Rising,boardgamegeek.com//boardgame/329465/red-rising
895,173,Formula Dé,boardgamegeek.com//boardgame/173/formula-de
896,2093,Mahjong,boardgamegeek.com//boardgame/2093/mahjong
897,98229,Pictomania,boardgamegeek.com//boardgame/98229/pictomania
898,318560,Witchstone,boardgamegeek.com//boardgame/318560/witchstone
899,1345,Genoa,boardgamegeek.com//boardgame/1345/genoa
900,223953,Kitchen Rush,boardgamegeek.com//boardgame/223953/kitchen-rush
